address,symbol,decimals,img,network
0xEeeeeEeeeEeEeeEeEeEeeEEEeeeeEeeeeeeeEEeE,ETH,18,https://img.paraswap.network/ETH.png,1
0xdac17f958d2ee523a2206206994597c13d831ec7,USDT,6,https://img.paraswap.network/USDT.png,1
0xA0b86991c6218b36c1d19D4a2e9Eb0cE3606eB48,USDC,6,https://img.paraswap.network/USDC.png,1
0x2260fac5e5542a773aa44fbcfedf7c193bc2c599,WBTC,8,https://img.paraswap.network/WBTC.png,1
0xeb4c2781e4eba804ce9a9803c67d0893436bb27d,renBTC,8,https://img.paraswap.network/renBTC.png,1
0x6B175474E89094C44Da98b954EedeAC495271d0F,DAI,18,https://img.paraswap.network/DAI.png,1
0x7Fc66500c84A76Ad7e9c93437bFc5Ac33E2DDaE9,AAVE,18,https://img.paraswap.network/AAVE.png,1
0x4104b135dbc9609fc1a9490e61369036497660c8,APW,18,https://img.paraswap.network/token.png,1
0xE0e05c43c097B0982Db6c9d626c4eb9e95C3b9ce,USF,18,https://img.paraswap.network/token.png,1
0x4e3fbd56cd56c3e72c1403e103b45db9da5b9d2b,CVX,18,https://img.paraswap.network/token.png,1
0x4f6103BAd230295baCF30f914FDa7D4273B7F585,XKI,6,https://img.paraswap.network/token.png,1
0xf3dcbc6d72a4e1892f7917b7c43b74131df8480e,BDP,18,https://img.paraswap.network/token.png,1
0xf418588522d5dd018b425e472991e52ebbeeeeee,PUSH,18,https://img.paraswap.network/token.png,1
0x7e442206da059905050ba02be63cbb85c559eb04,FICO,18,https://img.paraswap.network/token.png,1
0x9c78ee466d6cb57a4d01fd887d2b5dfb2d46288f,MUST,18,https://img.paraswap.network/token.png,1
0x68037790a0229e9ce6eaa8a99ea92964106c4703,PAR,18,https://img.paraswap.network/token.png,1
0x6c28AeF8977c9B773996d0e8376d2EE379446F2f,QUICK,18,https://raw.githubusercontent.com/sameepsi/quickswap-default-token-list/master/assets/quick.png,1
0x4691937a7508860f876c9c0a2a617e7d9e945d4b,WOO,18,https://img.paraswap.network/token.png,1
0xae7ab96520DE3A18E5e111B5EaAb095312D7fE84,stETH,18,https://img.paraswap.network/stETH.png,1
0x35a18000230da775cac24873d00ff85bccded550,cUNI,8,https://img.paraswap.network/token.png,1
0xe53ec727dbdeb9e2d5456c3be40cff031ab40a55,SUPER,18,https://img.paraswap.network/token.png,1
0x0f51bb10119727a7e5ea3538074fb341f56b09ad,DAO,18,https://img.paraswap.network/token.png,1
0x57Ab1ec28D129707052df4dF418D58a2D46d5f51,sUSD,18,https://img.paraswap.network/sUSD.png,1
0xD533a949740bb3306d119CC777fa900bA034cd52,CRV,18,https://img.paraswap.network/CRV.png,1
0x5e74C9036fb86BD7eCdcb084a0673EFc32eA31cb,sETH,18,https://img.paraswap.network/sETH.png,1
0xd71ecff9342a5ced620049e616c5035f1db98620,sEUR,18,https://img.paraswap.network/token.png,1
0xc02aaa39b223fe8d0a0e5c4f27ead9083c756cc2,WETH,18,https://img.paraswap.network/WETH.png,1
0x4e15361fd6b4bb609fa63c81a2be19d873717870,FTM,18,https://img.paraswap.network/token.png,1
0x8798249c2E607446EfB7Ad49eC89dD1865Ff4272,xSUSHI,18,https://img.paraswap.network/token.png,1
0xF256CC7847E919FAc9B808cC216cAc87CCF2f47a,axSUSHI,18,https://img.paraswap.network/token.png,1
0xada0a1202462085999652dc5310a7a9e2bf3ed42,CGI,18,https://img.paraswap.network/token.png,1
0x123151402076fc819b7564510989e475c9cd93ca,WDGLD,8,https://img.paraswap.network/token.png,1
0x865377367054516e17014ccded1e7d814edc9ce4,DOLA,18,https://img.paraswap.network/token.png,1
0xbc6da0fe9ad5f3b0d58160288917aa56653660e9,alUSD,18,https://img.paraswap.network/token.png,1
0x0eC9F76202a7061eB9b3a7D6B59D36215A7e37da,BPT,18,https://img.paraswap.network/token.png,1
0xd084b83c305dafd76ae3e1b4e1f1fe2ecccb3988,TVK,18,https://img.paraswap.network/token.png,1
0xd291e7a03283640fdc51b121ac401383a46cc623,RGT,18,https://img.paraswap.network/token.png,1
0x50de6856358cc35f3a9a57eaaa34bd4cb707d2cd,RAZOR,18,https://img.paraswap.network/token.png,1
0x95a4492f028aa1fd432ea71146b433e7b4446611,APY,18,https://img.paraswap.network/token.png,1
0x87d73e916d7057945c9bcd8cdd94e42a6f47f776,NFTX,18,https://img.paraswap.network/token.png,1
0x84679bc467dc6c2c40ab04538813aff3796351f1,CHONK,18,https://img.paraswap.network/token.png,1
0x77777feddddffc19ff86db637967013e6c6a116c,TORN,18,https://img.paraswap.network/token.png,1
0xc58467b855401ef3ff8fda9216f236e29f0d6277,GASG,18,https://img.paraswap.network/token.png,1
0xa4eed63db85311e22df4473f87ccfc3dadcfa3e3,RBC,18,https://img.paraswap.network/token.png,1
0xc5bDdf9843308380375a611c18B50Fb9341f502A,yveCRV,18,https://img.paraswap.network/token.png,1
0x07150e919b4de5fd6a63de1f9384828396f25fdc,BASE,9,https://img.paraswap.network/token.png,1
0xad4f86a25bbc20ffb751f2fac312a0b4d8f88c64,ROOM,18,https://img.paraswap.network/token.png,1
0xcb5f72d37685c3d5ad0bb5f982443bc8fcdf570e,ROOT,18,https://img.paraswap.network/token.png,1
0x8888801aF4d980682e47f1A9036e589479e835C5,MPH,18,https://img.paraswap.network/token.png,1
0x272F97b7a56a387aE942350bBC7Df5700f8a4576,aBAL,18,https://img.paraswap.network/token.png,1
0xbbc455cb4f1b9e4bfc4b73970d360c8f032efee6,sLINK,18,https://img.paraswap.network/token.png,1
0x1715AC0743102BF5Cd58EfBB6Cf2dC2685d967b6,sDOT,18,https://img.paraswap.network/token.png,1
0x46a97629C9C1F58De6EC18C7F536e7E6d6A6ecDe,iDOT,18,https://img.paraswap.network/token.png,1
0xd2dF355C19471c8bd7D8A3aa27Ff4e26A21b4076,sAAVE,18,https://img.paraswap.network/token.png,1
0x176C674Ee533C6139B0dc8b458D72A93dCB3e705,iAAVE,18,https://img.paraswap.network/token.png,1
0x30635297E450b930f8693297eBa160D9e6c8eBcf,sUNI,18,https://img.paraswap.network/token.png,1
0x36A00FF9072570eF4B9292117850B8FE08d96cce,iUNI,18,https://img.paraswap.network/token.png,1
0x992058B7DB08F9734d84485bfbC243C4ee6954A7,sYFI,18,https://img.paraswap.network/token.png,1
0x592244301CeA952d6daB2fdC1fE6bd9E53917306,iYFI,18,https://img.paraswap.network/token.png,1
0xEb029507d3e043DD6C87F2917C4E82B902c35618,sCOMP,18,https://img.paraswap.network/token.png,1
0x6345728B1ccE16E6f8C509950b5c84FFF88530d9,iCOMP,18,https://img.paraswap.network/token.png,1
0xD31533E8d0f3DF62060e94B3F1318137bB6E3525,sREN,18,https://img.paraswap.network/token.png,1
0x348C3c80c4F23574BC8cDF669A0Dc106a4E32BFf,iREN,18,https://img.paraswap.network/token.png,1
0x4f5fa8f2d12e5eb780f6082dd656c565c48e0f24,GUM,18,https://img.paraswap.network/token.png,1
0xa1faa113cbe53436df28ff0aee54275c13b40975,ALPHA,18,https://img.paraswap.network/token.png,1
0x888888888889c00c67689029d7856aac1065ec11,OPIUM,18,https://img.paraswap.network/token.png,1
0x73968b9a57c6e53d41345fd57a6e6ae27d6cdb2f,SDT,18,https://img.paraswap.network/SDT.png,1
0x5bc25f649fc4e26069ddf4cf4010f9f706c23831,DUSD,18,https://img.paraswap.network/token.png,1
0x0E2EC54fC0B509F445631Bf4b91AB8168230C752,LINKUSD,18,https://img.paraswap.network/token.png,1
0x48759f220ed983db51fa7a8c0d2aab8f3ce4166a,cyUSDT,8,https://img.paraswap.network/token.png,1
0x76eb2fe28b36b3ee97f3adae0c69606eedb2a37c,cyUSDC,8,https://img.paraswap.network/token.png,1
0x8e595470ed749b85c6f7669de83eae304c2ec68f,cyDAI,8,https://img.paraswap.network/token.png,1
0xE95A203B1a91a908F9B9CE46459d101078c2c3cb,ankrETH,18,https://img.paraswap.network/token.png,1
0x8064d9Ae6cDf087b1bcd5BDf3531bD5d8C537a68,oBTC,18,https://img.paraswap.network/token.png,1
0x1c48f86ae57291f7686349f12601910bd8d470bb,USDK,18,https://img.paraswap.network/token.png,1
0x674C6Ad92Fd080e4004b2312b45f796a192D27a0,USDN,18,https://img.paraswap.network/token.png,1
0x1456688345527bE1f37E9e627DA0837D6f08C925,USDP,18,https://img.paraswap.network/token.png,1
0xa47c8bf37f92abed4a126bda807a7b7498661acd,UST,18,https://img.paraswap.network/token.png,1
0x3832d2F059E55934220881F831bE501D180671A7,renDOGE,8,https://img.paraswap.network/token.png,1
0x6c3F90f043a72FA612cbac8115EE7e52BDe6E490,3CRV,18,https://img.paraswap.network/token.png,1
0x075b1bb99792c9e1041ba13afef80c91a1e70fb3,sbtcCRV,18,https://img.paraswap.network/token.png,1
0x798D1bE841a82a273720CE31c822C61a67a601C3,DIGG,9,https://img.paraswap.network/DIGG.png,1
0xfFffFffF2ba8F66D4e51811C5190992176930278,COMBO,18,https://img.paraswap.network/COMBO.png,1
0x0c63cae5fcc2ca3dde60a35e50362220651ebec8,stXEM,8,https://img.paraswap.network/stXEM.png,1
0xcae72a7a0fd9046cf6b165ca54c9e3a3872109e0,$ANRX,18,https://img.paraswap.network/token.png,1
0x3db6ba6ab6f95efed1a6e794cad492faaabf294d,LTO,8,https://img.paraswap.network/token.png,1
0x054f76beed60ab6dbeb23502178c52d6c5debe40,FIN,18,https://img.paraswap.network/token.png,1
0xa9d232cc381715ae791417b624d7c4509d2c28db,BSGS,18,https://img.paraswap.network/token.png,1
0xb34ab2f65c6e4f764ffe740ab83f982021faed6d,BSG,18,https://img.paraswap.network/token.png,1
0xb753428af26e81097e7fd17f40c88aaa3e04902c,SFI,18,https://img.paraswap.network/SFI.png,1
0x7d91e637589EC3Bb54D8213a9e92Dc6E8D12da91,FWB,4,https://img.paraswap.network/token.png,1
0x4eCB692B0fEDeCD7B486b4c99044392784877E8C,CHERRY,4,https://img.paraswap.network/token.png,1
0xdfe691F37b6264a90Ff507EB359C45d55037951C,KARMA,4,https://img.paraswap.network/token.png,1
0xf552b656022c218C26dAd43ad88881Fc04116F76,MORK,4,https://img.paraswap.network/token.png,1
0x9355372396e3F6daF13359B7b607a3374cc638e0,WHALE,4,https://img.paraswap.network/token.png,1
0xe6710e0CdA178f3D921f456902707B0d4C4A332B,JULIEN,4,https://img.paraswap.network/token.png,1
0x35872fea6A4843fACBCDbCe99e3B69596A3680b8,1337,4,https://img.paraswap.network/token.png,1
0xAf162491C0B21900C01F4Cc0F7110238AAcdebE7,BEAR,4,https://img.paraswap.network/token.png,1
0x833E4c02c47B7e38f5b9A80b26eb07D23d1961f4,FAMILY,4,https://img.paraswap.network/token.png,1
0xA9248F8e40d4b9c3Ca8ebd8E07E9BCB942C616d8,ARKE,4,https://img.paraswap.network/token.png,1
0x1eCe1739DAE08253aE582C404511B37355B42C84,PICA,4,https://img.paraswap.network/token.png,1
0xBcc66ed2aB491e9aE7Bf8386541Fb17421Fa9d35,SKULL,4,https://img.paraswap.network/token.png,1
0x1287c0509df9a475Ef178471aB2132b9dfD312B3,LADZ,4,https://img.paraswap.network/token.png,1
0x6BFfa07a1B0ceBC474cE6833eAf2bE6326252449,BAEPAY,4,https://img.paraswap.network/token.png,1
0x56687cf29Ac9751Ce2a4E764680B6aD7E668942e,JAMM,4,https://img.paraswap.network/token.png,1
0x8BA6DcC667d3FF64C1A2123cE72FF5F0199E5315,ALEX,4,https://img.paraswap.network/token.png,1
0xE5f55a3b74874531a99359b833b92866A6609f6B,ATS,4,https://img.paraswap.network/token.png,1
0x174897edD3ce414084A009d22db31C7b7826400d,JOON,4,https://img.paraswap.network/token.png,1
0x81B1bFD6CB9Ad42DB395c2a27F73D4DCf5777e2D,RARE,4,https://img.paraswap.network/token.png,1
0x7841B2A48D1F6e78ACeC359FEd6D874Eb8a0f63c,KERMAN,4,https://img.paraswap.network/token.png,1
0x3A75731f9e16244dE01DD431636Db7c07D42A166,BONES,4,https://img.paraswap.network/token.png,1
0xa19A40FbD7375431fAB013a4B08F00871B9a2791,SWAGG,4,https://img.paraswap.network/token.png,1
0x39Ad22C916F42aF5f67371d6f2Fb0dab42321a89,OSINA,4,https://img.paraswap.network/token.png,1
0x9903A4Cd589DA8e434f264deAFc406836418578E,FIRST,4,https://img.paraswap.network/token.png,1
0xA809CeDeE9B61956c768EAa10272dd5E0FD1A985,CAMI,4,https://img.paraswap.network/token.png,1
0x8db6Da2120b346FAa7f206841f2FB005BBE0DFD8,PAUL,4,https://img.paraswap.network/token.png,1
0xdc8092AaF83e00Ebf9B01A2e90b7B7eF867ba503,CALVIN,4,https://img.paraswap.network/token.png,1
0x537A9095b78517597b5f2058EDcd6E1978095909,DSGN,4,https://img.paraswap.network/token.png,1
0x1e906717De2E4A4600F13b6909736b0346bDde3E,PIXEL,4,https://img.paraswap.network/token.png,1
0xE400013Df86249838B720eaB5a7F816aD82433c0,GOB,4,https://img.paraswap.network/token.png,1
0xF21D65979bD89b28f05EF19F3c65dd2A1D02946D,BPC,4,https://img.paraswap.network/token.png,1
0xDcfE18bc46f5A0Cd0d3Af0c2155d2bCB5AdE2fc5,HUE,4,https://img.paraswap.network/token.png,1
0x27fD686Db10E0aE047fe8FE1DE9830C0e0dC3CFA,SCOTT,4,https://img.paraswap.network/token.png,1
0x25859743ED0861665611B81E47682e889b48313B,YUMI,4,https://img.paraswap.network/token.png,1
0x219803d17f3067eb53d521ba8948d2734f402f7d,WGM,4,https://img.paraswap.network/token.png,1
0x3C9Ca73d5309d38c6F2C21b78b9aE1f4b2441188,RDR,4,https://img.paraswap.network/token.png,1
0x4317Ea4820F8D9ea6A103553A89Cb261B6Ea7F2a,ALXO,4,https://img.paraswap.network/token.png,1
0xc53f6C2Ac35D30cc47Ddf3C320874b21dFA38791,GCASH,4,https://img.paraswap.network/token.png,1
0xd1B183f425F7E6A0C83aB1cd84cFDE2d84Ba049d,TING,4,https://img.paraswap.network/token.png,1
0xC1fB6C015fC535aBD331D3029De76a62e412Fb23,FORCER,4,https://img.paraswap.network/token.png,1
0xbB98Fc1fD1080D2B8bdaD75c51D30B50c6F59b62,PYGOZ,4,https://img.paraswap.network/token.png,1
0xDB7eB3edE973665b1BB9F3016861E3255062E4ED,MNFT,4,https://img.paraswap.network/token.png,1
0xA7925aA2A6e4575ab0C74D169f3BC3e03D4C319A,BETTER,4,https://img.paraswap.network/token.png,1
0xf5238462e7235c7b62811567e63dd17d12c2eaa0,CGT,8,https://img.paraswap.network/token.png,1
0x3a880652f47bfaa771908c07dd8673a787daed3a,DDX,18,https://img.paraswap.network/token.png,1
0xee573a945b01b788b9287ce062a0cfc15be9fd86,XED,18,https://img.paraswap.network/token.png,1
0x5f0e628b693018f639d10e4a4f59bd4d8b2b6b44,WHITE,18,https://img.paraswap.network/token.png,1
0xbbff34e47e559ef680067a6b1c980639eeb64d24,L2,18,https://img.paraswap.network/token.png,1
0x853d955acef822db058eb8505911ed77f175b99e,FRAX,18,https://img.paraswap.network/token.png,1
0x3432b6a60d23ca0dfca7761b7ab56459d9c964d0,FXS,18,https://img.paraswap.network/token.png,1
0xa7ed29b253d8b4e3109ce07c80fc570f81b63696,BAS,18,https://img.paraswap.network/token.png,1
0xe4f726adc8e89c6a6017f01eada77865db22da14,BCP,18,https://img.paraswap.network/token.png,1
0x9d1233cc46795e94029fda81aaadc1455d510f15,ZAI,18,https://img.paraswap.network/token.png,1
0x4688a8b1f292fdab17e9a90c8bc379dc1dbd8713,COVER,18,https://img.paraswap.network/token.png,1
0x5a98fcbea516cf06857215779fd812ca3bef1b32,LDO,18,https://img.paraswap.network/token.png,1
0x6e9730ecffbed43fd876a264c982e254ef05a0de,NORD,18,https://img.paraswap.network/NORD.png,1
0xf94b5c5651c888d928439ab6514b93944eee6f48,YLD,18,https://img.paraswap.network/token.png,1
0x67b66c99d3eb37fa76aa3ed1ff33e8e39f0b9c7a,ibETH,18,https://img.paraswap.network/ibETH.png,1
0xa8006c4ca56f24d6836727d106349320db7fef82,INXT,8,https://img.paraswap.network/INXT.png,1
0x0202Be363B8a4820f3F4DE7FaF5224fF05943AB1,UFT,18,https://img.paraswap.network/UFT.png,1
0x3893b9422cd5d70a81edeffe3d5a1c6a978310bb,MITH,18,https://img.paraswap.network/MITH.png,1
0xd2877702675e6ceb975b4a1dff9fb7baf4c91ea9,LUNA,18,https://img.paraswap.network/LUNA.png,1
0x3e9bc21c9b189c09df3ef1b824798658d5011937,LINA,18,https://img.paraswap.network/LINA.png,1
0xe481f2311c774564d517d015e678c2736a25ddd3,DEFO,18,https://img.paraswap.network/DEFO.png,1
0x4ba8c6ce0e855c051e65dfc37883360efaf7c82b,OCRV,15,https://img.paraswap.network/OCRV.png,1
0x8ed9f862363ffdfd3a07546e618214b6d59f03d4,OCUSDC,8,https://img.paraswap.network/OCUSDC.png,1
0x98cc3bd6af1880fcfda17ac477b2f612980e5e33,OCDAI,8,https://img.paraswap.network/OCDAI.png,1
0x4b4d2e899658fb59b1d518b68fe836b100ee8958,MIS,18,https://img.paraswap.network/MIS.png,1
0x368b3a58b5f49392e5c9e4c998cb0bb966752e51,MIC,18,https://img.paraswap.network/MIC.png,1
0x43dfc4159d86f3a37a5a4b3d4580b888ad7d4ddd,DODO,18,https://img.paraswap.network/DODO.png,1
0x8dAE6Cb04688C62d939ed9B68d32Bc62e49970b1,aCRV,18,https://img.paraswap.network/CRV.png,1
0x5165d24277cD063F5ac44Efd447B27025e888f37,aYFI,18,https://img.paraswap.network/aYFI.png,1
0x12e51E77DAAA58aA0E9247db7510Ea4B46F9bEAd,aYFIv1,18,https://img.paraswap.network/aYFI.png,1
0xFFC97d72E13E01096502Cb8Eb52dEe56f74DAD7B,aAAVE,18,https://img.paraswap.network/aAAVE.png,1
0x028171bCA77440897B824Ca71D1c56caC55b68A3,aDAI,18,https://img.paraswap.network/aDAI.png,1
0xCC12AbE4ff81c9378D670De1b57F8e0Dd228D77a,aREN,18,https://img.paraswap.network/aREN.png,1
0xB9D7CB55f463405CDfBe4E90a6D2Df01C2B92BF1,aUNI,18,https://img.paraswap.network/aUNI.png,1
0x030bA81f1c18d280636F32af80b9AAd02Cf0854e,aWETH,18,https://img.paraswap.network/aWETH.png,1
0xBcca60bB61934080951369a648Fb03DF4F96263C,aUSDC,6,https://img.paraswap.network/aUSDC.png,1
0x6C5024Cd4F8A59110119C56f8933403A539555EB,aSUSD,18,https://img.paraswap.network/aSUSD.png,1
0x101cc05f4A51C0319f570d5E146a8C625198e636,aTUSD,18,https://img.paraswap.network/aTUSD.png,1
0x3Ed3B47Dd13EC9a98b44e6204A523E766B225811,aUSDT,6,https://img.paraswap.network/aUSDT.png,1
0x05Ec93c0365baAeAbF7AefFb0972ea7ECdD39CF1,aBAT,18,https://img.paraswap.network/aBAT.png,1
0x39C6b3e42d6A679d7D776778Fe880BC9487C2EDA,aKNC,18,https://img.paraswap.network/aKNC.png,1
0xa06bC25B5805d5F8d82847D191Cb4Af5A3e873E0,aLINK,18,https://img.paraswap.network/aLINK.png,1
0xa685a61171bb30d4072B338c80Cb7b2c865c873E,aMANA,18,https://img.paraswap.network/aMANA.png,1
0xc713e5E149D5D0715DcD1c156a020976e7E56B88,aMKR,18,https://img.paraswap.network/aMKR.png,1
0xA361718326c15715591c299427c62086F69923D9,aBUSD,18,https://img.paraswap.network/aBUSD.png,1
0xaC6Df26a590F08dcC95D5a4705ae8abbc88509Ef,aENJ,18,https://img.paraswap.network/aENJ.png,1
0x35f6B052C598d933D69A4EEC4D04c73A191fE6c2,aSNX,18,https://img.paraswap.network/aSNX.png,1
0x9ff58f4fFB29fA2266Ab25e75e2A8b3503311656,aWBTC,8,https://img.paraswap.network/aWBTC.png,1
0xDf7FF54aAcAcbFf42dfe29DD6144A69b629f8C9e,aZRX,18,https://img.paraswap.network/aZRX.png,1
0xba3d9687cf50fe253cd2e1cfeede1d6787344ed5,aAAVEv1,18,https://img.paraswap.network/aAAVE.png,1
0x69948cC03f478B95283F7dbf1CE764d0fc7EC54C,aRENv1,18,https://img.paraswap.network/aREN.png,1
0xb124541127a0a657f056d9dd06188c4f1b0e5aab,aUNIv1,18,https://img.paraswap.network/aUNI.png,1
0x80fB784B7eD66730e8b1DBd9820aFD29931aab03,LENDv1,18,https://img.paraswap.network/LEND.png,1
0x3a3a65aab0dd2a17e3f1947ba16138cd37d08c04,aETHv1,18,https://img.paraswap.network/aETH.png,1
0xfC1E690f61EFd961294b3e1Ce3313fBD8aa4f85d,aDAIv1,18,https://img.paraswap.network/aDAI.png,1
0x9ba00d6856a4edf4665bca2c2309936572473b7e,aUSDCv1,6,https://img.paraswap.network/aUSDC.png,1
0x625ae63000f46200499120b906716420bd059240,aSUSDv1,18,https://img.paraswap.network/aSUSD.png,1
0x4da9b813057d04baef4e5800e36083717b4a0341,aTUSDv1,18,https://img.paraswap.network/aTUSD.png,1
0x71fc860F7D3A592A4a98740e39dB31d25db65ae8,aUSDTv1,6,https://img.paraswap.network/aUSDT.png,1
0xe1ba0fb44ccb0d11b80f92f4f8ed94ca3ff51d00,aBATv1,18,https://img.paraswap.network/aBAT.png,1
0x9d91be44c06d373a8a226e1f3b146956083803eb,aKNCv1,18,https://img.paraswap.network/aKNC.png,1
0xA64BD6C70Cb9051F6A9ba1F163Fdc07E0DfB5F84,aLINKv1,18,https://img.paraswap.network/aLINK.png,1
0x7D2D3688Df45Ce7C552E19c27e007673da9204B8,aLENDv1,18,https://img.paraswap.network/aLEND.png,1
0x6FCE4A401B6B80ACe52baAefE4421Bd188e76F6f,aMANAv1,18,https://img.paraswap.network/aMANA.png,1
0x7deb5e830be29f91e298ba5ff1356bb7f8146998,aMKRv1,18,https://img.paraswap.network/aMKR.png,1
0x6Ee0f7BB50a54AB5253dA0667B0Dc2ee526C30a8,aBUSDv1,18,https://img.paraswap.network/aBUSD.png,1
0x712DB54daA836B53Ef1EcBb9c6ba3b9Efb073F40,aENJv1,18,https://img.paraswap.network/aENJ.png,1
0x71010a9d003445ac60c4e6a7017c1e89a477b438,aREPv1,18,https://img.paraswap.network/aREP.png,1
0x328c4c80bc7aca0834db37e6600a6c49e12da4de,aSNXv1,18,https://img.paraswap.network/aSNX.png,1
0xfc4b8ed459e00e5400be803a9bb3954234fd50e3,aWBTCv1,8,https://img.paraswap.network/aWBTC.png,1
0x6Fb0855c404E09c47C3fBCA25f08d4E41f9F062f,aZRXv1,18,https://img.paraswap.network/aZRX.png,1
0x111111111117dc0aa78b770fa6a738034120c302,1INCH,18,https://img.paraswap.network/token.png,1
0x1f6bd8766f8a8aa58f7441c8dd3709afa3a56202,ZYRO,8,https://img.paraswap.network/token.png,1
0x0000000000095413afc295d19edeb1ad7b71c952,LON,18,https://img.paraswap.network/token.png,1
0x36f3fd68e7325a35eb768f1aedaae9ea0689d723,ESD,18,https://img.paraswap.network/token.png,1
0xbd2f0cd039e0bfcf88901c98c0bfac5ab27566e3,DSD,18,https://img.paraswap.network/token.png,1
0x226f7b842e0f0120b7e194d05432b3fd14773a9d,UNN,18,https://img.paraswap.network/token.png,1
0x1fdab294eda5112b7d066ed8f2e4e562d5bcc664,SPICE,18,https://img.paraswap.network/token.png,1
0x3b62f3820e0b035cc4ad602dece6d796bc325325,DEUS,18,https://img.paraswap.network/token.png,1
0x57b946008913b82e4df85f501cbaed910e58d26c,POND,18,https://img.paraswap.network/token.png,1
0xfa5047c9c78b8877af97bdcb85db743fd7313d4a,ROOK,18,https://img.paraswap.network/token.png,1
0xcD91538B91B4ba7797D39a2f66E63810b50A33d0,STABLEx,18,https://img.paraswap.network/token.png,1
0x1a23a6bfbadb59fa563008c0fb7cf96dfcf34ea1,COFI,18,https://img.paraswap.network/COFI.png,1
0x8d1ce361eb68e9e05573443c407d4a3bed23b033,DEFI++,18,https://img.paraswap.network/token.png,1
0x34950ff2b487d9e5282c5ab342d08a2f712eb79f,WOZX,18,https://img.paraswap.network/token.png,1
0xb4bebd34f6daafd808f73de0d10235a92fbb6c3d,YETI,18,https://img.paraswap.network/token.png,1
0x1695936d6a953df699c38ca21c2140d497c08bd9,SYN,18,https://img.paraswap.network/token.png,1
0xc944e90c64b2c07662a292be6244bdf05cda44a7,GRT,18,https://img.paraswap.network/GRT.png,1
0x4fe83213d56308330ec302a8bd641f1d0113a4cc,NU,18,https://img.paraswap.network/NU.png,1
0x3472a5a71965499acd81997a54bba8d852c6e53d,BADGER,18,https://img.paraswap.network/BADGER.png,1
0x875773784af8135ea0ef43b5a374aad105c5d39e,IDLE,18,https://img.paraswap.network/IDLE.png,1
0x26607ac599266b21d13c7acf7942c7701a8b699c,PIPT,18,https://img.paraswap.network/token.png,1
0x8290333cef9e6d528dd5618fb97a76f268f3edd4,ANKR,18,https://img.paraswap.network/token.png,1
0x3449fc1cd036255ba1eb19d65ff4ba2b8903a69a,BAC,18,https://img.paraswap.network/token.png,1
0xf406f7a9046793267bc276908778b29563323996,VISION,18,https://img.paraswap.network/token.png,1
0x09a3ecafa817268f77be1283176b946c4ff2e608,MIR,18,https://img.paraswap.network/token.png,1
0x275f5ad03be0fa221b4c6649b8aee09a42d9412a,MONA,18,https://img.paraswap.network/token.png,1
0x0b38210ea11411557c13457D4dA7dC6ea731B88a,API3,18,https://img.paraswap.network/token.png,1
0x4c19596f5aaff459fa38b0f7ed92f11ae6543784,TRU,8,https://img.paraswap.network/token.png,1
0x7240ac91f01233baaf8b064248e80feaa5912ba3,OCTO,18,https://img.paraswap.network/token.png,1
0x0391d2021f89dc339f60fff84546ea23e337750f,BOND,18,https://img.paraswap.network/token.png,1
0xa8e7ad77c60ee6f30bac54e2e7c0617bd7b5a03e,ZLOT,18,https://img.paraswap.network/token.png,1
0xee06a81a695750e71a662b51066f2c74cf4478a0,$DG,18,https://img.paraswap.network/token.png,1
0xdc9Ac3C20D1ed0B540dF9b1feDC10039Df13F99c,UTK,18,https://img.paraswap.network/UTK.png,1
0x056fd409e1d7a124bd7017459dfea2f387b6d5cd,GUSD,2,https://img.paraswap.network/GUSD.png,1
0x221657776846890989a759ba2973e427dff5c9bb,REPv2,18,https://img.paraswap.network/REPv2.png,1
0x0aacfbec6a24756c20d41914f2caba817c0d8521,YAMv3,18,https://img.paraswap.network/YAMv2.png,1
0x6468e79a80c0eab0f9a2b574c8d5bc374af59414,eXRD,18,https://img.paraswap.network/token.png,1
0xeaccb6e0f24d66cf4aa6cbda33971b9231d332a1,PGT,18,https://img.paraswap.network/token.png,1
0x0954906da0bf32d5479e25f46056d22f08464cab,INDEX,18,https://img.paraswap.network/token.png,1
0x78f225869c08d478c34e5f645d07a87d3fe8eb78,DEFI+L,18,https://img.paraswap.network/token.png,1
0x0abdace70d3790235af448c88547603b945604ea,DNT,18,https://img.paraswap.network/token.png,1
0x62359ed7505efc61ff1d56fef82158ccaffa23d7,CORE,18,https://img.paraswap.network/token.png,1
0x83e6f1e41cdd28eaceb20cb649155049fac3d5aa,POLS,18,https://img.paraswap.network/token.png,1
0xeef9f339514298c6a857efcfc1a762af84438dee,HEZ,18,https://img.paraswap.network/token.png,1
0xd82bb924a1707950903e2c0a619824024e254cd1,DAOFI,18,https://img.paraswap.network/token.png,1
0xe28b3b32b6c345a34ff64674606124dd5aceca30,INJ,18,https://img.paraswap.network/token.png,1
0x33d0568941c0c64ff7e0fb4fba0b11bd37deed9f,RAMP,18,https://img.paraswap.network/token.png,1
0x1ceb5cb57c4d4e2b2433641b95dd330a33185a44,KP3R,18,https://img.paraswap.network/token.png,1
0x20945ca1df56d237fd40036d47e866c7dccd2114,NSURE,18,https://img.paraswap.network/token.png,1
0x18aaa7115705e8be94bffebde57af9bfc265b998,AUDIO,18,https://img.paraswap.network/token.png,1
0xf5d669627376ebd411e34b98f19c868c8aba5ada,AXS,18,https://img.paraswap.network/token.png,1
0x30cf203b48edaa42c3b4918e955fed26cd012a3f,SEED,18,https://img.paraswap.network/token.png,1
0x6fe56c0bcdd471359019fcbc48863d6c3e9d4f41,PROPS,18,https://img.paraswap.network/PROPS.png,1
0x2b591e99afe9f32eaa6214f7b7629768c40eeb39,HEX,8,https://img.paraswap.network/token.png,1
0xecbf566944250dde88322581024e611419715f7a,xBTC,9,https://img.paraswap.network/xBTC.png,1
0x0258F474786DdFd37ABCE6df6BBb1Dd5dfC4434a,ORN,8,https://img.paraswap.network/ORN.png,1
0x431ad2ff6a9c365805ebad47ee021148d6f7dbe0,DF,18,https://img.paraswap.network/DF.png,1
0x27054b13b1b798b345b591a4d22e6562d47ea75a,AST,4,https://img.paraswap.network/AST.png,1
0x0E29e5AbbB5FD88e28b2d355774e73BD47dE3bcd,HAKKA,18,https://img.paraswap.network/HAKKA.png,1
0x38e4adB44ef08F22F5B5b76A8f0c2d0dCbE7DcA1,CVP,18,https://img.paraswap.network/CVP.png,1
0xa1d65e8fb6e87b60feccbc582f7f97804b725521,DXD,18,https://img.paraswap.network/DXD.png,1
0xab37e1358b639fd877f015027bb62d3ddaa7557e,LIEN,8,https://img.paraswap.network/LIEN.png,1
0x7591a309df68bf43ba42dd11b0344220a260020a,IDOL,8,https://img.paraswap.network/IDOL.png,1
0x584bc13c7d411c00c01a62e8019472de68768430,HEGIC,18,https://img.paraswap.network/HEGIC.png,1
0x4e352cf164e64adcbad318c3a1e222e9eba4ce42,MCB,18,https://img.paraswap.network/MCB.png,1
0x94d863173ee77439e4292284ff13fad54b3ba182,ADEL,18,https://img.paraswap.network/ADEL.png,1
0x196f4727526eA7FB1e17b2071B3d8eAA38486988,RSV,18,https://img.paraswap.network/RSV.png,1
0x6c6EE5e31d828De241282B9606C8e98Ea48526E2,HOT,18,https://img.paraswap.network/HOT.png,1
0xc12d099be31567add4e4e4d0D45691C3F58f5663,AUC,18,https://img.paraswap.network/AUC.png,1
0x1aa61c196e76805fcbe394ea00e4ffced24fc469,SAFE,18,https://img.paraswap.network/SAFE.png,1
0xbc396689893d065f41bc2c6ecbee5e0085233447,PERP,18,https://img.paraswap.network/PERP.png,1
0xca1207647ff814039530d7d35df0e1dd2e91fa84,DHT,18,https://img.paraswap.network/DHT.png,1
0x3e780920601D61cEdb860fe9c4a90c9EA6A35E78,BOOST,18,https://img.paraswap.network/BOOST.png,1
0xa1d0E215a23d7030842FC67cE582a6aFa3CCaB83,YFII,18,https://img.paraswap.network/YFII.png,1
0x28cb7e841ee97947a86B06fA4090C8451f64c0be,YFL,18,https://img.paraswap.network/YFL.png,1
0x49e833337ece7afe375e44f4e3e8481029218e5c,VALUE,18,https://img.paraswap.network/VALUE.png,1
0x429881672B9AE42b8EbA0E26cD9C73711b891Ca5,PICKLE,18,https://img.paraswap.network/PICKLE.png,1
0x066798d9ef0833ccc719076Dab77199eCbd178b0,SAKE,18,https://img.paraswap.network/SAKE.png,1
0xa0246c9032bC3A600820415aE600c6388619A14D,FARM,18,https://img.paraswap.network/FARM.png,1
0x2ba592F78dB6436527729929AAf6c908497cB200,CREAM,18,https://img.paraswap.network/CREAM.png,1
0x6b3595068778dd592e39a122f4f5a5cf09c90fe2,SUSHI,18,https://img.paraswap.network/SUSHI.png,1
0xC28E27870558cF22ADD83540d2126da2e4b464c2,SASHIMI,18,https://img.paraswap.network/SASHIMI.png,1
0x68A118Ef45063051Eac49c7e647CE5Ace48a68a5,$BASED,18,https://img.paraswap.network/BASED.png,1
0xaba8cac6866b83ae4eec97dd07ed254282f6ad8a,YAMv2,24,https://img.paraswap.network/YAMv2.png,1
0x5dbcf33d8c2e976c6b560249878e6f1491bca25c,yUSD,18,https://img.paraswap.network/yUSD.png,1
0x3212b29E33587A00FB1C83346f5dBFA69A458923,imBTC,8,https://img.paraswap.network/imBTC.png,1
0x0316EB71485b0Ab14103307bf65a021042c6d380,hBTC,18,https://img.paraswap.network/hBTC.png,1
0x0d438f3b5175bebc262bf23753c1e53d03432bde,wNXM,18,https://img.paraswap.network/wNXM.png,1
0x476c5E26a75bd202a9683ffD34359C0CC15be0fF,SRM,6,https://img.paraswap.network/SRM.png,1
0x0Ae055097C6d159879521C384F1D2123D1f195e6,STAKE,18,https://img.paraswap.network/STAKE.png,1
0xcc80c051057b774cd75067dc48f8987c4eb97a5e,NEC,18,https://img.paraswap.network/NEC.png,1
0x26ce25148832c04f3d7f26f32478a9fe55197166,DEXT,18,https://img.paraswap.network/DEXT.png,1
0x9cb2f26a23b8d89973f08c957c4d7cdf75cd341c,DZAR,6,https://img.paraswap.network/DZAR.png,1
0xa3BeD4E1c75D00fa6f4E5E6922DB7261B5E9AcD2,MTA,18,https://img.paraswap.network/MTA.png,1
0xd5525d397898e5502075ea5e830d8914f6f0affe,MEME,8,https://img.paraswap.network/MEME.png,1
0xcc4304a31d09258b0029ea7fe63d032f52e44efe,SWAP,18,https://img.paraswap.network/SWAP.png,1
0xe2f2a5c287993345a840db3b0845fbc70f5935a5,mUSD,18,https://img.paraswap.network/mUSD.png,1
0xeca82185adce47f39c684352b0439f030f860318,PERL,18,https://img.paraswap.network/PERL.png,1
0xB8BAa0e4287890a5F79863aB62b7F175ceCbD433,SWRV,18,https://img.paraswap.network/SWRV.png,1
0x1f9840a85d5af5bf1d1762f925bdaddc4201f984,UNI,18,https://img.paraswap.network/UNI.png,1
0xDea67845A51E24461D5fED8084E69B426AF3D5Db,HTRE,18,https://img.paraswap.network/HTRE.png,1
0xf8C3527CC04340b208C854E985240c02F7B7793f,FRONT,18,https://img.paraswap.network/FRONT.png,1
0x0e2298e3b3390e3b945a5456fbf59ecc3f55da16,YAM,18,https://img.paraswap.network/YAM.png,1
0xdf5e0e81dff6faf3a7e52ba697820c5e32d806a8,yCurve,18,https://img.paraswap.network/yCurve.png,1
0x0bc529c00c6401aef6d220be8c6ea1667f6ad93e,YFI,18,https://img.paraswap.network/YFI.png,1
0x04Fa0d235C4abf4BcF4787aF4CF447DE572eF828,UMA,18,https://img.paraswap.network/UMA.png,1
0x8ab7404063ec4dbcfd4598215992dc3f8ec853d7,AKRO,18,https://img.paraswap.network/AKRO.png,1
0x5adc961d6ac3f7062d2ea45fefb8d8167d44b190,DTH,18,https://img.paraswap.network/DTH.png,1
0xA31B1767e09f842ECFd4bc471Fe44F830E3891AA,ROOBEE,18,https://img.paraswap.network/ROOBEE.png,1
0x8762db106B2c2A0bccB3A80d1Ed41273552616E8,RSR,18,https://img.paraswap.network/RSR.png,1
0x56d811088235F11C8920698a204A5010a788f4b3,BZRX,18,https://img.paraswap.network/BZRX.png,1
0xEd91879919B71bB6905f23af0A68d231EcF87b14,DMG,18,https://img.paraswap.network/DMG.png,1
0xd46ba6d942050d489dbd938a2c909a5d5039a161,AMPL,9,https://img.paraswap.network/AMPL.png,1
0xba100000625a3754423978a60c9317c58a424e3D,BAL,18,https://img.paraswap.network/BAL.png,1
0xfE18be6b3Bd88A2D2A7f928d00292E7a9963CfC6,sBTC,18,https://img.paraswap.network/sBTC.png,1
0x12B19D3e2ccc14Da04FAe33e63652ce469b3F2FD,GRID,12,https://img.paraswap.network/GRID.png,1
0xf650c3d88d12db855b8bf7d11be6c55a4e07dcc9,cUSDT,8,https://img.paraswap.network/cUSDT.png,1
0xB6eD7644C69416d67B522e20bC294A9a9B405B31,0xBTC,8,https://img.paraswap.network/0xBTC.png,1
0xc00e94Cb662C3520282E6f5717214004A7f26888,COMP,18,https://img.paraswap.network/COMP.png,1
0x27702a26126e0B3702af63Ee09aC4d1A084EF628,ALEPH,18,https://img.paraswap.network/ALEPH.png,1
0xaaaebe6fe48e54f431b0c390cfaf0b017d09d42d,CEL,4,https://img.paraswap.network/CEL.png,1
0xacfa209fb73bf3dd5bbfb1101b9bc999c49062a5,BCDT,18,https://img.paraswap.network/BCDT.png,1
0x0000000000b3f879cb30fe243b4dfee438691c04,GST2,2,https://img.paraswap.network/GST2.png,1
0x4a57e687b9126435a9b19e4a802113e266adebde,FXC,18,https://img.paraswap.network/FXC.png,1
0x1776e1f26f98b1a5df9cd347953a26dd3cb46671,NMR,18,https://img.paraswap.network/NMR.png,1
0x2C537E5624e4af88A7ae4060C022609376C8D0EB,TRYB,6,https://img.paraswap.network/TRYB.png,1
0xB4EFd85c19999D84251304bDA99E90B92300Bd93,RPL,18,https://img.paraswap.network/RPL.png,1
0xba11d00c5f74255f56a5e366f4f77f5a186d7f55,BAND,18,https://img.paraswap.network/BAND.png,1
0xdd974d5c2e2928dea5f71b9825b8b646686bd200,KNC,18,https://img.paraswap.network/KNC.png,1
0xd26114cd6ee289accf82350c8d8487fedb8a0c07,OMG,18,https://img.paraswap.network/OMG.png,1
0x9f8f72aa9304c8b593d555f12ef6589cc3a579a2,MKR,18,https://img.paraswap.network/MKR.png,1
0xbf2179859fc6d5bee9bf9158632dc51678a4100e,ELF,18,https://img.paraswap.network/ELF.png,1
0x0d8775f648430679a709e98d2b0cb6250d2887ef,BAT,18,https://img.paraswap.network/BAT.png,1
0x0f5d2fb29fb7d3cfee444a200298f468908cc942,MANA,18,https://img.paraswap.network/MANA.png,1
0xe41d2489571d322189246dafa5ebde1f4699f498,ZRX,18,https://img.paraswap.network/ZRX.png,1
0x1f573d6fb3f13d689ff844b4ce37794d79a7ff1c,BNT,18,https://img.paraswap.network/BNT.png,1
0x514910771af9ca656af840dff83e8264ecf986ca,LINK,18,https://img.paraswap.network/LINK.png,1
0xa117000000f279d81a1d3cc75430faa017fa5a2e,ANT,18,https://img.paraswap.network/ANT.png,1
0x744d70FDBE2Ba4CF95131626614a1763DF805B9E,SNT,18,https://img.paraswap.network/SNT.png,1
0x1985365e9f78359a9B6AD760e32412f4a445E862,REP,18,https://img.paraswap.network/REP.png,1
0x0000000000085d4780B73119b644AE5ecd22b376,TUSD,18,https://img.paraswap.network/TUSD.png,1
0x8400d94a5cb0fa0d041a3788e395285d61c9ee5e,UBT,8,https://img.paraswap.network/UBT.png,1
0x8E870D67F660D95d5be530380D0eC0bd388289E1,PAX,18,https://img.paraswap.network/PAX.png,1
0xf970b8e36e23f7fc3fd752eea86f8be8d83375a6,RCN,18,https://img.paraswap.network/RCN.png,1
0x607F4C5BB672230e8672085532f7e901544a7375,RLC,9,https://img.paraswap.network/RLC.png,1
0x6810e776880C02933D47DB1b9fc05908e5386b96,GNO,18,https://img.paraswap.network/GNO.png,1
0x41e5560054824ea6b0732e656e3ad64e20e94e45,CVC,8,https://img.paraswap.network/CVC.png,1
0x8f8221afbb33998d8584a2b05749ba73c37a938a,REQ,18,https://img.paraswap.network/REQ.png,1
0x0e0989b1f9b8a38983c2ba8053269ca62ec9b195,POE,8,https://img.paraswap.network/POE.png,1
0xf629cbd94d3791c9250152bd8dfbdf380e2a3b9c,ENJ,18,https://img.paraswap.network/ENJ.png,1
0x255aa6df07540cb5d3d297f0d0d4d84cb52bc8e6,RDN,18,https://img.paraswap.network/RDN.png,1
0x408e41876cccdc0f92210600ef50372656052a38,REN,18,https://img.paraswap.network/REN.png,1
0xF433089366899D83a9f26A773D59ec7eCF30355e,MTL,8,https://img.paraswap.network/MTL.png,1
0x595832f8fc6bf59c85c527fec3740a1b7a361269,POWR,6,https://img.paraswap.network/POWR.png,1
0x107c4504cd79c5d2696ea0030a8dd4e92601b82e,BLT,18,https://img.paraswap.network/BLT.png,1
0xb98d4c97425d9908e66e53a6fdf673acca0be986,ABT,18,https://img.paraswap.network/ABT.png,1
0x543ff227f64aa17ea132bf9886cab5db55dcaddf,GEN,18,https://img.paraswap.network/GEN.png,1
0xec67005c4e498ec7f55e092bd1d35cbc47c91892,MLN,18,https://img.paraswap.network/MLN.png,1
0x7D1AfA7B718fb893dB30A3aBc0Cfc608AaCfeBB0,MATIC,18,https://img.paraswap.network/MATIC.png,1
0xaaaf91d9b90df800df4f55c205fd6989c977e73a,TKN,8,https://img.paraswap.network/TKN.png,1
0xb683d83a532e2cb7dfa5275eed3698436371cc9f,BTU,18,https://img.paraswap.network/BTU.png,1
0xC011a73ee8576Fb46F5E1c5751cA3B9Fe0af2a6F,SNX,18,https://img.paraswap.network/SNX.png,1
0xdb25f211ab05b1c97d595516f45794528a807ad8,EURS,2,https://img.paraswap.network/EURS.png,1
0x22b3faaa8df978f6bafe18aade18dc2e3dfa0e0c,BAM,18,https://img.paraswap.network/BAM.png,1
0x4d13d624a87baa278733c068a174412afa9ca6c8,XBASE,18,https://img.paraswap.network/XBASE.png,1
0x86fadb80d8d2cff3c3680819e4da99c10232ba0f,EBASE,18,https://img.paraswap.network/EBASE.png,1
0x5c872500c00565505f3624ab435c222e558e9ff8,COT,18,https://img.paraswap.network/COT.png,1
0xf5dce57282a584d2746faf1593d3121fcac444dc,cSAI,8,https://img.paraswap.network/cSAI.png,1
0x6c8c6b02e7b2be14d4fa6022dfd6d75921d90e4e,cBAT,8,https://img.paraswap.network/cBAT.png,1
0x4ddc2d193948926d02f9b1fe9e1daa0718270ed5,cETH,8,https://img.paraswap.network/cETH.png,1
0x158079ee67fce2f58472a96584a73c7ab9ac95c1,cREP,8,https://img.paraswap.network/cREP.png,1
0xc11b1268c1a384e55c48c2391d8d480264a3a7f4,cWBTC,8,https://img.paraswap.network/cWBTC.png,1
0xb3319f5d18bc0d84dd1b4825dcde5d5f7266d407,cZRX,8,https://img.paraswap.network/cZRX.png,1
0x14094949152eddbfcd073717200da82fed8dc960,iSAI,18,https://img.paraswap.network/iSAI.png,1
0x77f973FCaF871459aa58cd81881Ce453759281bC,iETH,18,https://img.paraswap.network/iETH.png,1
0xF013406A0B1d544238083DF0B93ad0d2cBE0f65f,iUSDC,6,https://img.paraswap.network/iUSDC.png,1
0xBd56E9477Fc6997609Cf45F84795eFbDAC642Ff1,iREP,18,https://img.paraswap.network/iREP.png,1
0xBA9262578EFef8b3aFf7F60Cd629d6CC8859C8b5,iWBTC,8,https://img.paraswap.network/iWBTC.png,1
0xA8b65249DE7f85494BC1fe75F525f568aa7dfa39,iBAT,18,https://img.paraswap.network/iBAT.png,1
0x1cC9567EA2eB740824a45F8026cCF8e46973234D,iKNC,18,https://img.paraswap.network/iKNC.png,1
0xA7Eb2bc82df18013ecC2A6C533fc29446442EDEe,iZRX,18,https://img.paraswap.network/iZRX.png,1
0x1D496da96caf6b518b133736beca85D5C4F9cBc5,iLINK,18,https://img.paraswap.network/iLINK.png,1
0x493c57c4763932315a328269e1adad09653b9081,iDAI,18,https://img.paraswap.network/iDAI.png,1
0x737F98AC8cA59f2C68aD658E3C3d8C8963E40a4c,AMN,18,https://img.paraswap.network/AMN.png,1
0x66fd97a78d8854fec445cd1c80a07896b0b4851f,LMY,18,https://img.paraswap.network/LMY.png,1
0x818Fc6C2Ec5986bc6E2CBf00939d90556aB12ce5,KIN,18,https://img.paraswap.network/KIN.png,1
0x9b70740e708a083c6ff38df52297020f5dfaa5ee,DAN,10,https://img.paraswap.network/DAN.png,1
0x93ed3fbe21207ec2e8f2d3c3de6e058cb73bc04d,PNK,18,https://img.paraswap.network/PNK.png,1
0x41ab1b6fcbb2fa9dced81acbdec13ea6315f2bf2,XDCE,18,https://img.paraswap.network/XDCE.png,1
0x9992ec3cf6a55b00978cddf2b27bc6882d88d1ec,POLY,18,https://img.paraswap.network/POLY.png,1
0x5d3a536e4d6dbd6114cc1ead35777bab948e3643,cDAI,8,https://img.paraswap.network/cDAI.png,1
0x309627AF60F0926DAA6041B8279484312F2BF060,USDB,18,https://img.paraswap.network/USDB.png,1
0x8a9c67fee641579deba04928c4bc45f66e26343a,JRT,18,https://img.paraswap.network/JRT.png,1
0xa3d58c4e56fedcae3a7c43a725aee9a71f0ece4e,MET,18,https://img.paraswap.network/MET.png,1
0x5e3346444010135322268a4630d2ED5F8D09446c,LOC,18,https://img.paraswap.network/LOC.png,1
0xbbbbca6a901c926f240b89eacb641d8aec7aeafd,LRC,18,https://img.paraswap.network/LRC.png,1
0xc0829421c1d260bd3cb3e0f06cfe2d52db2ce315,BETH,18,https://img.paraswap.network/BETH.png,1
0x39aa39c021dfbae8fac545936693ac917d5e7563,cUSDC,8,https://img.paraswap.network/cUSDC.png,1
0x5228a22e72ccC52d415EcFd199F99D0665E7733b,pBTC,18,https://img.paraswap.network/pBTC.png,1
0x6a4FFAafa8DD400676Df8076AD6c724867b0e2e8,bDAI,18,https://img.paraswap.network/bDAI.png,1
0x58b6a8a3302369daec383334672404ee733ab239,LPT,18,https://img.paraswap.network/LPT.png,1
0x4fabb145d64652a948d72533023f6e7a623c7c53,BUSD,18,https://img.paraswap.network/BUSD.png,1
0x06af07097c9eeb7fd685c692751d5c66db49c215,CHAI,18,https://img.paraswap.network/CHAI.png,1
0x10ec0d497824e342bcb0edce00959142aaa766dd,IDLEDAI,18,https://img.paraswap.network/IDLEDAI.png,1
0xeB66ACc3d011056B00ea521F8203580C2E5d3991,IDLEUSDC,18,https://img.paraswap.network/IDLEUSDC.png,1
0x89d24a6b4ccb1b6faa2625fe562bdd9a23260359,SAI,18,https://img.paraswap.network/SAI.png,1
0xfa1a856cfa3409cfa145fa4e20eb270df3eb21ab,IOST,18,https://img.paraswap.network/token.png,1
0x8CE9137d39326AD0cD6491fb5CC0CbA0e089b6A9,SXP,18,https://img.paraswap.network/token.png,1
0xdF574c24545E5FfEcb9a659c229253D4111d87e1,HUSD,8,https://img.paraswap.network/token.png,1
0x45f24baeef268bb6d63aee5129015d69702bcdfa,YFV,18,https://img.paraswap.network/token.png,1
0x84ca8bc7997272c7cfb4d0cd3d55cd942b3c9419,DIA,18,https://img.paraswap.network/token.png,1
0x8207c1ffc5b6804f6024322ccf34f29c3541ae26,OGN,18,https://img.paraswap.network/token.png,1
0x5beabaebb3146685dd74176f68a0721f91297d37,BOT,18,https://img.paraswap.network/token.png,1
0x967da4048cD07aB37855c090aAF366e4ce1b9F48,OCEAN,18,https://img.paraswap.network/OCEAN.png,1
0xB64ef51C888972c908CFacf59B47C1AfBC0Ab8aC,STORJ,8,https://img.paraswap.network/token.png,1
0x3845badade8e6dff049820680d1f14bd3903a5d0,SAND,18,https://img.paraswap.network/token.png,1
0x2baecdf43734f22fd5c152db08e3c27233f0c7d2,OM,18,https://img.paraswap.network/token.png,1
0xb97048628db6b661d4c2aa833e95dbe1a905b280,PAY,18,https://img.paraswap.network/token.png,1
0x6fB3e0A217407EFFf7Ca062D46c26E5d60a14d69,IOTX,18,https://img.paraswap.network/token.png,1
0xfef4185594457050cc9c23980d301908fe057bb1,VIDT,18,https://img.paraswap.network/token.png,1
0x4a220E6096B25EADb88358cb44068A3248254675,QNT,18,https://img.paraswap.network/token.png,1
0x5732046a883704404f284ce41ffadd5b007fd668,BLZ,18,https://img.paraswap.network/token.png,1
0x4F9254C83EB525f9FCf346490bbb3ed28a81C667,CELR,18,https://img.paraswap.network/token.png,1
0xdf2c7238198ad8b389666574f2d8bc411a4b7428,MFT,18,https://img.paraswap.network/token.png,1
0xB62132e35a6c13ee1EE0f84dC5d40bad8d815206,NEXO,18,https://img.paraswap.network/token.png,1
0x6f87d756daf0503d08eb8993686c7fc01dc44fb1,TRADE,18,https://img.paraswap.network/token.png,1
0x4Cd988AfBad37289BAAf53C13e98E2BD46aAEa8c,KEY,18,https://img.paraswap.network/token.png,1
0xbd6467a31899590474ce1e84f70594c53d628e46,KAI,18,https://img.paraswap.network/token.png,1
0xA4e8C3Ec456107eA67d3075bF9e3DF3A75823DB0,LOOM,18,https://img.paraswap.network/token.png,1
0x89ab32156e46f46d02ade3fecbe5fc4243b9aaed,PNT,18,https://img.paraswap.network/token.png,1
0x85eee30c52b0b379b046fb0f85f4f3dc3009afec,KEEP,18,https://img.paraswap.network/token.png,1
0xfca59cd816ab1ead66534d82bc21e7515ce441cf,RARI,18,https://img.paraswap.network/token.png,1
0x9f284e1337a815fe77d2ff4ae46544645b20c5ff,KTON,18,https://img.paraswap.network/token.png,1
0x30f271c9e86d2b7d00a6376cd96a1cfbd5f0b9b3,DEC,18,https://img.paraswap.network/token.png,1
0xc9ce70a381910d0a90b30d408cc9c7705ee882de,NYAN,18,https://img.paraswap.network/token.png,1
0x3f382dbd960e3a9bbceae22651e88158d2791550,GHST,18,https://img.paraswap.network/token.png,1
0x7968bc6a03017ea2de509aaa816f163db0f35148,HGET,6,https://img.paraswap.network/token.png,1
0x9fbfed658919a896b5dc7b00456ce22d780f9b65,PLT,18,https://img.paraswap.network/token.png,1
0x9469D013805bFfB7D3DEBe5E7839237e535ec483,RING,18,https://img.paraswap.network/token.png,1
0x0f8c45B896784A1E408526B9300519ef8660209c,XMX,8,https://img.paraswap.network/token.png,1
0x4639cd8cd52ec1cf2e496a606ce28d8afb1c792f,BREE,18,https://img.paraswap.network/token.png,1
0x5150956e082c748ca837a5dfa0a7c10ca4697f9c,ZDEX,18,https://img.paraswap.network/token.png,1
0x8eB24319393716668D768dCEC29356ae9CfFe285,AGI,8,https://img.paraswap.network/token.png,1
0x40fd72257597aa14c7231a7b1aaa29fce868f677,XOR,18,https://img.paraswap.network/token.png,1
0x0Cf0Ee63788A0849fE5297F3407f701E122cC023,DATA,18,https://img.paraswap.network/token.png,1
0xA974c709cFb4566686553a20790685A47acEAA33,XIN,18,https://img.paraswap.network/token.png,1
0xeF9Cd7882c067686691B6fF49e650b43AFBBCC6B,FNX,18,https://img.paraswap.network/token.png,1
0x56325d180Ec3878A9028AfC7B0EDCEe7486Cc9df,FTN,18,https://img.paraswap.network/token.png,1
0xea26c4ac16d4a5a106820bc8aee85fd0b7b2b664,QKC,18,https://img.paraswap.network/token.png,1
0x6781a0F84c7E9e846DCb84A9a5bd49333067b104,ZAP,18,https://img.paraswap.network/token.png,1
0x0a913bead80f321e7ac35285ee10d9d922659cb7,DOS,18,https://img.paraswap.network/token.png,1
0x667102bd3413bfeaa3dffb48fa8288819e480a88,TKX,8,https://img.paraswap.network/token.png,1
0xd7b7d3c0bda57723fb54ab95fd8f9ea033af37f2,PYLON,18,https://img.paraswap.network/token.png,1
0x0ff6ffcfda92c53f615a4a75d982f399c989366b,LAYER,18,https://img.paraswap.network/token.png,1
0x45804880De22913dAFE09f4980848ECE6EcbAf78,PAXG,18,https://img.paraswap.network/token.png,1
0xfffffffff15abf397da76f1dcc1a1604f45126db,FSW,18,https://img.paraswap.network/token.png,1
0xf0fac7104aac544e4a7ce1a55adf2b5a25c65bd1,PAMP,18,https://img.paraswap.network/token.png,1
0xf411903cbc70a74d22900a5de66a2dda66507255,VRA,18,https://img.paraswap.network/token.png,1
0x12f649a9e821f90bb143089a6e56846945892ffb,UDOO,18,https://img.paraswap.network/token.png,1
0xe48972fcd82a274411c01834e2f031d4377fa2c0,2KEY,18,https://img.paraswap.network/token.png,1
0xbe9375c6a420d2eeb258962efb95551a5b722803,STMX,18,https://img.paraswap.network/token.png,1
0x7de91b204c1c737bcee6f000aaa6569cf7061cb7,XRT,9,https://img.paraswap.network/token.png,1
0x668dbf100635f593a3847c0bdaf21f0a09380188,BNSD,18,https://img.paraswap.network/token.png,1
0xc27A2F05fa577a83BA0fDb4c38443c0718356501,TAU,18,https://img.paraswap.network/token.png,1
0xa15c7ebe1f07caf6bff097d8a589fb8ac49ae5b3,NPXS,18,https://img.paraswap.network/token.png,1
0xc75f15ada581219c95485c578e124df3985e4ce0,ZZZ,18,https://img.paraswap.network/token.png,1
0xEA097A2b1dB00627B2Fa17460Ad260c016016977,UFR,18,https://img.paraswap.network/token.png,1
0x763Fa6806e1acf68130D2D0f0df754C93cC546B2,LIT,18,https://img.paraswap.network/token.png,1
0x557b933a7c2c45672b610f8954a3deb39a51a8ca,REVV,18,https://img.paraswap.network/token.png,1
0xcD62b1C403fa761BAadFC74C525ce2B51780b184,ANJ,18,https://img.paraswap.network/token.png,1
0x178c820f862b14f316509ec36b13123da19a6054,EWTB,18,https://img.paraswap.network/token.png,1
0x037a54aab062628c9bbae1fdb1583c195585fe41,LCX,18,https://img.paraswap.network/token.png,1
0x0F4CA92660Efad97a9a70CB0fe969c755439772C,LEV,9,https://img.paraswap.network/token.png,1
0xe17f017475a709de58e976081eb916081ff4c9d5,RMPL,9,https://img.paraswap.network/token.png,1
0x7b123f53421b1bf8533339bfbdc7c98aa94163db,BUIDL,18,https://img.paraswap.network/token.png,1
0x1453dbb8a29551ade11d89825ca812e05317eaeb,TEND,18,https://img.paraswap.network/token.png,1
0x6b9f031d718dded0d681c20cb754f97b3bb81b78,GEEQ,18,https://img.paraswap.network/token.png,1
0x779492d3644dDF4495Aa2d80C468E1B7be6AF1d2,CAS,2,https://img.paraswap.network/token.png,1
0x7865af71cf0b288b4e7f654f4f7851eb46a2b7f8,SNTVT,18,https://img.paraswap.network/token.png,1
0xaa7a9ca87d3694b5755f213b5d04094b8d0f0a6f,TRAC,18,https://img.paraswap.network/token.png,1
0x84294fc9710e1252d407d3d80a84bc39001bd4a8,NUTS,18,https://img.paraswap.network/token.png,1
0xB705268213D593B8FD88d3FDEFF93AFF5CbDcfAE,IDEX,18,https://img.paraswap.network/token.png,1
0x990f341946a3fdb507ae7e52d17851b87168017c,STRONG,18,https://img.paraswap.network/token.png,1
0x2c4e8f2d746113d0696ce89b35f0d8bf88e0aeca,OST,18,https://img.paraswap.network/token.png,1
0x7B0C06043468469967DBA22d1AF33d77d44056c8,MRPH,4,https://img.paraswap.network/token.png,1
0xba9d4199faB4f26eFE3551D490E3821486f135Ba,CHSB,8,https://img.paraswap.network/token.png,1
0x99ea4dB9EE77ACD40B119BD1dC4E33e1C070b80d,QSP,18,https://img.paraswap.network/token.png,1
0x43044f861ec040db59a7e324c40507addb673142,CAP,18,https://img.paraswap.network/token.png,1
0xcbd55d4ffc43467142761a764763652b48b969ff,ASTRO,18,https://img.paraswap.network/token.png,1
0x5979f50f1d4c08f9a53863c2f39a7b0492c38d0f,PLTC,18,https://img.paraswap.network/token.png,1
0x69692d3345010a207b759a7d1af6fc7f38b35c5e,CHADS,18,https://img.paraswap.network/token.png,1
0xb9EF770B6A5e12E45983C5D80545258aA38F3B78,ZCN,10,https://img.paraswap.network/token.png,1
0x419D0d8BdD9aF5e606Ae2232ed285Aff190E711b,FUN,8,https://img.paraswap.network/token.png,1
0x54c9ea2e9c9e8ed865db4a4ce6711c2a0d5063ba,BART,18,https://img.paraswap.network/token.png,1
0x0f7F961648aE6Db43C75663aC7E5414Eb79b5704,XIO,18,https://img.paraswap.network/token.png,1
0x6de037ef9ad2725eb40118bb1702ebb27e4aeb24,RNDR,18,https://img.paraswap.network/token.png,1
0x3d3d35bb9bec23b06ca00fe472b50e7a4c692c30,VIDYA,18,https://img.paraswap.network/token.png,1
0x00a8b738e453ffd858a7edf03bccfe20412f0eb0,ALBT,18,https://img.paraswap.network/token.png,1
0xcec2387e04f9815bf12670dbf6cf03bba26df25f,YFILD,18,https://img.paraswap.network/token.png,1
0x362bc847a3a9637d3af6624eec853618a43ed7d2,PRQ,18,https://img.paraswap.network/token.png,1
0x1b980e05943de3db3a459c72325338d327b6f5a9,GEAR,18,https://img.paraswap.network/token.png,1
0x8a854288a5976036A725879164Ca3e91d30c6A1B,GET,18,https://img.paraswap.network/token.png,1
0xc86d054809623432210c107af2e3f619dcfbf652,UPP,18,https://img.paraswap.network/token.png,1
0x0e8d6b471e332f140e7d9dbb99e5e3822f728da6,ABYSS,18,https://img.paraswap.network/token.png,1
0x607c794cda77efb21f8848b7910ecf27451ae842,PIE,18,https://img.paraswap.network/token.png,1
0x42d6622deCe394b54999Fbd73D108123806f6a18,SPANK,18,https://img.paraswap.network/token.png,1
0xbbFF862d906E348E9946Bfb2132ecB157Da3D4b4,SS,18,https://img.paraswap.network/token.png,1
0x5cAf454Ba92e6F2c929DF14667Ee360eD9fD5b26,DEV,18,https://img.paraswap.network/token.png,1
0x07597255910a51509ca469568b048f2597e72504,1UP,18,https://img.paraswap.network/token.png,1
0xa44E5137293E855B1b7bC7E2C6f8cD796fFCB037,SENT,8,https://img.paraswap.network/token.png,1
0xc28e931814725bbeb9e670676fabbcb694fe7df2,EQUAD,18,https://img.paraswap.network/token.png,1
0xE0B7927c4aF23765Cb51314A0E0521A9645F0E2A,DGD,9,https://img.paraswap.network/token.png,1
0xeeeeeeeee2af8d0e1940679860398308e0ef24d6,ETHV,18,https://img.paraswap.network/token.png,1
0x4bD70556ae3F8a6eC6C4080A0C327B24325438f3,HXRO,18,https://img.paraswap.network/token.png,1
0x4946Fcea7C692606e8908002e55A582af44AC121,FOAM,18,https://img.paraswap.network/token.png,1
0x4156D3342D5c385a87D264F90653733592000581,SALT,8,https://img.paraswap.network/token.png,1
0x08ad83d779bdf2bbe1ad9cc0f78aa0d24ab97802,RWS,18,https://img.paraswap.network/token.png,1
0x4f3AfEC4E5a3F2A6a1A411DEF7D7dFe50eE057bF,DGX,9,https://img.paraswap.network/token.png,1
0xc719d010B63E5bbF2C0551872CD5316ED26AcD83,DIP,18,https://img.paraswap.network/token.png,1
0x687BfC3E73f6af55F0CccA8450114D107E781a0e,QCH,18,https://img.paraswap.network/token.png,1
0xC0F9bD5Fa5698B6505F643900FFA515Ea5dF54A9,DONUT,18,https://img.paraswap.network/DONUT.png,1
0xe1afe1fd76fd88f78cbf599ea1846231b8ba3b6b,SDEFI,18,https://img.paraswap.network/token.png,1
0x0000000000004946c0e9f43f4dee607b0ef1fa1c,CHI,0,https://img.paraswap.network/token.png,1
0x6710c63432a2de02954fc0f851db07146a6c0312,MFG,18,https://img.paraswap.network/MFG.png,1
0x0327112423F3A68efdF1fcF402F6c5CB9f7C33fd,BTC++,18,https://img.paraswap.network/token.png,1
0xe3818504c1b32bf1557b16c238b2e01fd3149c17,PLR,18,https://img.paraswap.network/token.png,1
0x468ab3b1f63a1c14b361bc367c3cc92277588da1,YELD,18,https://img.paraswap.network/token.png,1
0xff20817765cb7f73d4bde2e66e067e58d11095c2,AMP,18,https://img.paraswap.network/token.png,1
0x1494CA1F11D487c2bBe4543E90080AeBa4BA3C2b,DPI,18,https://img.paraswap.network/DPI.png,1
0x9A48BD0EC040ea4f1D3147C025cd4076A2e71e3e,USD++,18,https://img.paraswap.network/token.png,1
0x8daebade922df735c38c80c7ebd708af50815faa,tBTC,18,https://img.paraswap.network/token.png,1
0x8e298734681adbfc41ee5d17ff8b0d6d803e7098,fWETH,18,https://img.paraswap.network/token.png,1
0xe85C8581e60D7Cd32Bbfd86303d2A4FA6a951Dac,fDAI,18,https://img.paraswap.network/token.png,1
0xc3F7ffb5d5869B3ade9448D094d81B0521e8326f,fUSDC,6,https://img.paraswap.network/token.png,1
0xc7EE21406BB581e741FBb8B21f213188433D9f2F,fUSDT,6,https://img.paraswap.network/token.png,1
0xc07EB91961662D275E2D285BdC21885A4Db136B0,fWBTC,8,https://img.paraswap.network/token.png,1
0xfBe122D0ba3c75e1F7C80bd27613c9f35B81FEeC,frenBTC,8,https://img.paraswap.network/token.png,1
0x9be89d2a4cd102d8fecc6bf9da793be995c22541,BBTC,8,https://img.paraswap.network/token.png,1
0xad32A8e6220741182940c5aBF610bDE99E737b2D,DOUGH,18,https://img.paraswap.network/DOUGH.png,1
0xad6a626ae2b43dcb1b39430ce496d2fa0365ba9c,DEFI+s,18,https://img.paraswap.network/token.png,1
0xa0b73e1ff0b80914ab6fe0444e65848c4c34450b,CRO,8,https://img.paraswap.network/CRO.png,1
0xe4815ae53b124e7263f08dcdbbb757d41ed658c6,ZKS,18,https://img.paraswap.network/token.png,1
0x86772b1409b61c639eaac9ba0acfbb6e238e5f83,NDX,18,https://img.paraswap.network/token.png,1
0x159751323a9e0415dd3d6d42a1212fe9f4a0848c,INFI,18,https://img.paraswap.network/token.png,1
0x374cb8c27130e2c9e04f44303f3c8351b9de61c1,BAO,18,https://img.paraswap.network/token.png,1
0x1337def16f9b486faed0293eb623dc8395dfe46a,ARMOR,18,https://img.paraswap.network/token.png,1
0xfa6de2697d59e88ed7fc4dfe5a33dac43565ea41,DEFI5,18,https://img.paraswap.network/token.png,1
0x17ac188e09a7890a1844e5e65471fe8b0ccfadf3,CC10,18,https://img.paraswap.network/token.png,1
0x8a9c4dfe8b9d8962b31e4e16f8321c44d48e246e,NCT,18,https://img.paraswap.network/token.png,1
0x45080a6531d671ddff20db42f93792a489685e32,FVT,18,https://img.paraswap.network/token.png,1
0x6399c842dd2be3de30bf99bc7d1bbf6fa3650e70,PREMIA,18,https://img.paraswap.network/token.png,1
0x0cEC1A9154Ff802e7934Fc916Ed7Ca50bDE6844e,POOL,18,https://img.paraswap.network/token.png,1
0x4cf89ca06ad997bc732dc876ed2a7f26a9e7f361,MYST,18,https://img.paraswap.network/token.png,1
0xfa2562da1bba7b954f26c74725df51fb62646313,ASSY,18,https://img.paraswap.network/token.png,1
0x67c597624b17b16fb77959217360b7cd18284253,MARK,9,https://img.paraswap.network/token.png,1
0x7d29a64504629172a429e64183d6673b9dacbfce,VXV,18,https://img.paraswap.network/token.png,1
0x6fcb6408499a7c0f242e32d77eb51ffa1dd28a7e,HDX,12,https://img.paraswap.network/token.png,1
0xbea98c05eeae2f3bc8c3565db7551eb738c8ccab,GYSR,18,https://img.paraswap.network/token.png,1
0x467Bccd9d29f223BcE8043b84E8C8B282827790F,TEL,2,https://img.paraswap.network/token.png,1
0x1b40183efb4dd766f11bda7a7c3ad8982e998421,VSP,18,https://img.paraswap.network/token.png,1
0x03ab458634910aad20ef5f1c8ee96f1d6ac54919,RAI,18,https://img.paraswap.network/token.png,1
0x3aada3e213abf8529606924d8d1c55cbdc70bf74,XMON,18,https://img.paraswap.network/token.png,1
0x6c5ba91642f10282b576d91922ae6448c9d52f4e,PHA,18,https://img.paraswap.network/token.png,1
0x5218e472cfcfe0b64a064f055b43b4cdc9efd3a6,ERSDL,18,https://img.paraswap.network/token.png,1
0x7f3edcdd180dbe4819bd98fee8929b5cedb3adeb,XTK,18,https://img.paraswap.network/token.png,1
0xf5581dfefd8fb0e4aec526be659cfab1f8c781da,HOPR,18,https://img.paraswap.network/token.png,1
0xf4d861575ecc9493420a3f5a14f85b13f0b50eb3,FCL,18,https://img.paraswap.network/token.png,1
0xb6ca7399b4f9ca56fc27cbff44f4d2e4eef1fc81,MUSE,18,https://img.paraswap.network/token.png,1
0xca3fe04c7ee111f0bbb02c328c699226acf9fd33,SEEN,18,https://img.paraswap.network/token.png,1
0x2a8e1e676ec238d8a992307b495b45b3feaa5e86,OUSD,18,https://img.paraswap.network/token.png,1
0x725c263e32c72ddc3a19bea12c5a0479a81ee688,BMI,18,https://img.paraswap.network/token.png,1
0x20c36f062a31865bed8a5b1e512d9a1a20aa333a,DFD,18,https://img.paraswap.network/token.png,1
0x87b008e57f640d94ee44fd893f0323af933f9195,COIN,18,https://img.paraswap.network/token.png,1
0xa7de087329bfcda5639247f96140f9dabe3deed1,STA,18,https://img.paraswap.network/token.png,1
0xf1f955016ecbcd7321c7266bccfb96c68ea5e49b,RLY,18,https://img.paraswap.network/token.png,1
0xdbdb4d16eda451d0503b854cf79d55697f90c8df,ALCX,18,https://img.paraswap.network/token.png,1
0x126c121f99e1e211df2e5f8de2d96fa36647c855,DEGEN,18,https://img.paraswap.network/token.png,1
0xd23ac27148af6a2f339bd82d0e3cff380b5093de,SI,18,https://img.paraswap.network/token.png,1
0x41d5d79431a913c4ae7d69a668ecdfe5ff9dfb68,INV,18,https://img.paraswap.network/token.png,1
0x0488401c3f535193fa8df029d9ffe615a06e74e6,SRK,18,https://img.paraswap.network/token.png,1
0x26e43759551333e57f073bb0772f50329a957b30,DGVC,18,https://img.paraswap.network/token.png,1
0x3d658390460295fb963f54dc0899cfb1c30776df,COVAL,8,https://img.paraswap.network/token.png,1
0x4a527d8fc13c5203ab24ba0944f4cb14658d1db6,MITX,18,https://img.paraswap.network/token.png,1
0x9d47894f8becb68b9cf3428d256311affe8b068b,ROPE,18,https://img.paraswap.network/token.png,1
0xa8b919680258d369114910511cc87595aec0be6d,LYXE,18,https://img.paraswap.network/token.png,1
0xd13c7342e1ef687c5ad21b27c2b65d772cab5c8c,UOS,4,https://img.paraswap.network/token.png,1
0xd8912c10681d8b21fd3742244f44658dba12264e,PLU,18,https://img.paraswap.network/token.png,1
0xed0439eacf4c4965ae4613d77a5c2efe10e5f183,SHROOM,18,https://img.paraswap.network/token.png,1
0xfdc4a3fc36df16a78edcaf1b837d3acaaedb2cb4,SCIFI,18,https://img.paraswap.network/token.png,1
0x8185bc4757572da2a610f887561c32298f1a5748,ALN,18,https://img.paraswap.network/token.png,1
0xaa6e8127831c9de45ae56bb1b0d4d4da6e5665bd,ETH2X-FLI,18,https://img.paraswap.network/token.png,1
0x88df592f8eb5d7bd38bfef7deb0fbc02cf3778a0,TRB,18,https://img.paraswap.network/token.png,1
0xa1d6df714f91debf4e0802a542e13067f31b8262,RFOX,18,https://img.paraswap.network/token.png,1
0x63b4f3e3fa4e438698ce330e365e831f7ccd1ef4,CFI,18,https://img.paraswap.network/token.png,1
0x68bb81b3f67f7aab5fd1390ecb0b8e1a806f2465,NFTP,18,https://img.paraswap.network/token.png,1
0x90de74265a416e1393a450752175aed98fe11517,UDT,18,https://img.paraswap.network/token.png,1
0xf2051511b9b121394fa75b8f7d4e7424337af687,HAUS,18,https://img.paraswap.network/token.png,1
0xcba3eae7f55d0f423af43cc85e67ab0fbf87b61c,SHFT,18,https://img.paraswap.network/token.png,1
